{"flight_gc": [45.0, 44.0, 44.0, 45.0, 44.0, 44.0, 45.0, 45.0, 44.0, 44.0, 45.0, 44.0, 44.0, 45.0, 44.0, 44.0, 45.0, 44.0, 44.0, 45.0], "hgc_gc": [45.0, 45.0, 45.0, 45.0, 44.0, 45.0, 45.0, 45.0, 44.0, 45.0, 44.0, 45.0, 45.0, 45.0, 45.0, 45.0, 44.0, 45.0, 45.0, 45.0], "flight_dup": [75.89956941151831, 76.70294920323687, 75.54290878647146, 77.64168807000095, 78.30377454088803, 77.65383489026445, 78.52904432689755, 77.6054619721747, 77.20634939632541, 79.45952618181072, 76.56600235277776, 78.14912119462882, 75.77347749534742, 77.83872952476263, 76.4657821773415, 79.41962802165949, 76.86835242344429, 77.67447616998835, 77.35505940447155, 78.54021590733313], "hgc_dup": [76.86888064780962, 75.9751804813321, 75.49471645446145, 75.77516105750924, 77.42861455312642, 78.46416307024336, 77.8650277078223, 76.60723769242203, 76.48491195740957, 75.69677470587919, 77.48839127840887, 76.26761034548655, 76.07171451654226, 77.25219210945603, 75.8418524526227, 75.53526560737947, 75.8749541190088, 77.5678245361862, 77.70542307145314, 78.39617800616563]}